--------------------------------------------------------
-- Archivo creado  - jueves-noviembre-16-2017   
--------------------------------------------------------
DROP VIEW "BDA"."BILL_AND_DETAILS";
DROP VIEW "BDA"."HISTORICAL_DATA_FOR_VEHICLES";
DROP VIEW "BDA"."UNDER_FIVE_UNITS_AVAILABLES";
DROP TABLE "BDA"."CUSTOMERS";
DROP TABLE "BDA"."EXCHANGED_VEHICLES";
DROP TABLE "BDA"."INVOICES";
DROP TABLE "BDA"."INVOICES_DETAIL";
DROP TABLE "BDA"."ITEMS";
DROP TABLE "BDA"."MANUFACTURERS";
DROP TABLE "BDA"."SELLERS";
DROP TABLE "BDA"."VEHICLES";
DROP PROCEDURE "BDA"."REORDER_UNITS";
--------------------------------------------------------
--  DDL for View BILL_AND_DETAILS
--------------------------------------------------------

  CREATE OR REPLACE FORCE NONEDITIONABLE VIEW "BDA"."BILL_AND_DETAILS" ("Invoice Id", "Seller Id", "Seller first name", "Seller last name", "customer id", "Customer identification", "Customer first name", "Customer last name", "Vehicle id", "Vehicle name", "Vehicle manufacturer", "Accesory id", "Accesori name") AS 
  SELECT DISTINCT 
        INVOICES.ID as "Invoice Id",  
  
         SELLERS.ID as "Seller Id", 
         SELLERS.FIRST_NAME as "Seller first name", 
         SELLERS.LAST_NAME as "Seller last name",
         
         CUSTOMERS.ID as "customer id", 
         CUSTOMERS.IDENTIFICATION as "Customer identification", 
         CUSTOMERS.FIRST_NAME as "Customer first name", 
         CUSTOMERS.LAST_NAME as "Customer last name",
         
         VEHICLES.ID as "Vehicle id",
         VEHICLES.NAME as "Vehicle name",
         
         MANUFACTURERS.NAME_MANUFACTURER as "Vehicle manufacturer",
         
         ITEMS.ID as "Accesory id", 
         ITEMS.DESCRIPTION as "Accesori name" 
         
  FROM INVOICES 
  INNER JOIN SELLERS ON INVOICES.SELLER_ID = SELLERS.ID 
  INNER JOIN CUSTOMERS ON INVOICES.CUSTOMER_ID = CUSTOMERS.ID 
  INNER JOIN VEHICLES ON INVOICES.VEHICLE_ID = VEHICLES.ID 
  --INNER JOIN EXCHANGED_VEHICLES ON EXCHANGED_VEHICLES.INVOICE_ID = INVOICES.ID 
  INNER JOIN MANUFACTURERS ON VEHICLES.MANUFACTURER_ID = MANUFACTURERS.ID 
  INNER JOIN INVOICES_DETAIL ON INVOICES_DETAIL.INVOICE_ID = INVOICES.ID 
  INNER JOIN ITEMS ON ITEM_ID = ITEMS.ID 
  WHERE INVOICES.ID = 5 
  ORDER BY INVOICES.ID;
--------------------------------------------------------
--  DDL for View HISTORICAL_DATA_FOR_VEHICLES
--------------------------------------------------------

  CREATE OR REPLACE FORCE NONEDITIONABLE VIEW "BDA"."HISTORICAL_DATA_FOR_VEHICLES" ("VEHICLE", "TYPE", "DATE_INVOICE", "INVOICE") AS 
  SELECT I.VEHICLE_ID AS VEHICLE, V.TYPE, I.DATE_INVOICE, I.ID AS INVOICE FROM INVOICES I INNER JOIN VEHICLES V ON I.VEHICLE_ID = V.ID 
UNION
SELECT I.VEHICLE_EXCHANGED_ID AS VEHICLE, V.TYPE, I.DATE_INVOICE, I.ID AS INVOICE  FROM INVOICES I INNER JOIN VEHICLES V ON I.vehicle_exchanged_id = V.ID
UNION
SELECT ID , TYPE, NULL, NULL  FROM VEHICLES WHERE TYPE = 'NEW';
--------------------------------------------------------
--  DDL for View UNDER_FIVE_UNITS_AVAILABLES
--------------------------------------------------------

  CREATE OR REPLACE FORCE NONEDITIONABLE VIEW "BDA"."UNDER_FIVE_UNITS_AVAILABLES" ("ID", "DESCRIPTION") AS 
  SELECT ID, DESCRIPTION FROM ITEMS WHERE units_available < 5;
--------------------------------------------------------
--  DDL for Table CUSTOMERS
--------------------------------------------------------

  CREATE TABLE "BDA"."CUSTOMERS" 
   (	"ID" NUMBER(*,0), 
	"IDENTIFICATION" VARCHAR2(255 BYTE), 
	"FIRST_NAME" VARCHAR2(255 BYTE), 
	"LAST_NAME" VARCHAR2(255 BYTE), 
	"ADDRESS" VARCHAR2(255 BYTE), 
	"PHONE" VARCHAR2(255 BYTE)
   ) ;
--------------------------------------------------------
--  DDL for Table EXCHANGED_VEHICLES
--------------------------------------------------------

  CREATE TABLE "BDA"."EXCHANGED_VEHICLES" 
   (	"ID" NUMBER(*,0), 
	"INVOICE_ID" NUMBER(*,0), 
	"VIN" VARCHAR2(255 BYTE), 
	"BRAND" VARCHAR2(255 BYTE), 
	"MODEL" VARCHAR2(255 BYTE), 
	"YEAR" NUMBER(*,0), 
	"COST" NUMBER
   ) ;
--------------------------------------------------------
--  DDL for Table INVOICES
--------------------------------------------------------

  CREATE TABLE "BDA"."INVOICES" 
   (	"ID" NUMBER(*,0), 
	"DATE_INVOICE" DATE, 
	"STATE_INVOICE" VARCHAR2(255 BYTE), 
	"CUSTOMER_ID" NUMBER(*,0), 
	"VEHICLE_ID" NUMBER(*,0), 
	"VEHICLE_EXCHANGED_ID" NUMBER(*,0), 
	"SELLER_ID" NUMBER(*,0), 
	"COST_VEHICLE" NUMBER, 
	"COST_EXCHANGED" NUMBER, 
	"COST_ITEMS" NUMBER, 
	"TAX" NUMBER, 
	"FEE" NUMBER, 
	"COST_WITHOUT_VAT" NUMBER, 
	"NET_COST" NUMBER
   ) ;
--------------------------------------------------------
--  DDL for Table INVOICES_DETAIL
--------------------------------------------------------

  CREATE TABLE "BDA"."INVOICES_DETAIL" 
   (	"ID" NUMBER(*,0), 
	"INVOICE_ID" NUMBER(*,0), 
	"ITEM_ID" NUMBER(*,0), 
	"QUANTITY" NUMBER(*,0), 
	"COST_ITEMS" NUMBER
   ) ;
--------------------------------------------------------
--  DDL for Table ITEMS
--------------------------------------------------------

  CREATE TABLE "BDA"."ITEMS" 
   (	"ID" NUMBER(*,0), 
	"DESCRIPTION" VARCHAR2(255 BYTE), 
	"COST_MANUFACTURE" NUMBER, 
	"COST_SALE" NUMBER, 
	"UNITS_AVAILABLE" NUMBER(*,0) DEFAULT 30
   ) ;
--------------------------------------------------------
--  DDL for Table MANUFACTURERS
--------------------------------------------------------

  CREATE TABLE "BDA"."MANUFACTURERS" 
   (	"ID" NUMBER(*,0), 
	"NAME_MANUFACTURER" VARCHAR2(255 BYTE)
   ) ;
--------------------------------------------------------
--  DDL for Table SELLERS
--------------------------------------------------------

  CREATE TABLE "BDA"."SELLERS" 
   (	"ID" NUMBER(*,0), 
	"FIRST_NAME" VARCHAR2(255 BYTE), 
	"LAST_NAME" VARCHAR2(255 BYTE)
   ) ;
--------------------------------------------------------
--  DDL for Table VEHICLES
--------------------------------------------------------

  CREATE TABLE "BDA"."VEHICLES" 
   (	"ID" NUMBER(*,0), 
	"VIN" VARCHAR2(255 BYTE), 
	"NAME" VARCHAR2(255 BYTE), 
	"MODEL" VARCHAR2(255 BYTE), 
	"YEAR" NUMBER(*,0), 
	"MANUFACTURER_ID" NUMBER(*,0), 
	"COST" NUMBER, 
	"TYPE" VARCHAR2(255 BYTE)
   ) ;
   
REM INSERTING into BDA.CUSTOMERS
SET DEFINE OFF;
Insert into BDA.CUSTOMERS (ID,IDENTIFICATION,FIRST_NAME,LAST_NAME,ADDRESS,PHONE) values ('1','38125437','Ria','Parks','958-2819 Tempus Street','1-779-362-6036');
Insert into BDA.CUSTOMERS (ID,IDENTIFICATION,FIRST_NAME,LAST_NAME,ADDRESS,PHONE) values ('2','31918377','Beverly','Alvarez','926-594 Penatibus Ave','1-509-581-0419');
Insert into BDA.CUSTOMERS (ID,IDENTIFICATION,FIRST_NAME,LAST_NAME,ADDRESS,PHONE) values ('3','21460027','Addison','Rivas','4361 Netus Street','1-275-304-7919');
Insert into BDA.CUSTOMERS (ID,IDENTIFICATION,FIRST_NAME,LAST_NAME,ADDRESS,PHONE) values ('4','21580282','Oren','Wilkins','Ap #820-6131 Vestibulum, St.','1-553-337-3931');
Insert into BDA.CUSTOMERS (ID,IDENTIFICATION,FIRST_NAME,LAST_NAME,ADDRESS,PHONE) values ('5','43294876','Cullen','Sparks','P.O. Box 895, 8324 Pede, Ave','1-588-643-6002');
Insert into BDA.CUSTOMERS (ID,IDENTIFICATION,FIRST_NAME,LAST_NAME,ADDRESS,PHONE) values ('6','46209956','Baker','Meadows','4427 Tincidunt St.','1-880-896-8562');
Insert into BDA.CUSTOMERS (ID,IDENTIFICATION,FIRST_NAME,LAST_NAME,ADDRESS,PHONE) values ('7','41208026','Gary','Parrish','Ap #896-5874 Orci, St.','1-506-719-5868');
Insert into BDA.CUSTOMERS (ID,IDENTIFICATION,FIRST_NAME,LAST_NAME,ADDRESS,PHONE) values ('8','22834473','Brielle','Jones','126-1681 Cras Avenue','1-862-596-8578');
Insert into BDA.CUSTOMERS (ID,IDENTIFICATION,FIRST_NAME,LAST_NAME,ADDRESS,PHONE) values ('9','43299300','Judith','Long','Ap #928-6727 Vulputate Road','1-268-994-9990');
Insert into BDA.CUSTOMERS (ID,IDENTIFICATION,FIRST_NAME,LAST_NAME,ADDRESS,PHONE) values ('10','27104197','Kevin','Mccarthy','P.O. Box 898, 1524 Eu Rd.','1-607-155-2110');
Insert into BDA.CUSTOMERS (ID,IDENTIFICATION,FIRST_NAME,LAST_NAME,ADDRESS,PHONE) values ('11','48735061','Kennan','Zimmerman','2932 Inceptos Ave','1-419-269-5066');
Insert into BDA.CUSTOMERS (ID,IDENTIFICATION,FIRST_NAME,LAST_NAME,ADDRESS,PHONE) values ('12','11812478','James','Santiago','121-8748 Amet Street','1-183-654-5595');
Insert into BDA.CUSTOMERS (ID,IDENTIFICATION,FIRST_NAME,LAST_NAME,ADDRESS,PHONE) values ('13','25776227','Louis','Moses','6962 Lectus Ave','1-343-154-1775');
Insert into BDA.CUSTOMERS (ID,IDENTIFICATION,FIRST_NAME,LAST_NAME,ADDRESS,PHONE) values ('14','9526169','Gloria','Higgins','Ap #818-8294 Molestie Av.','1-183-154-8557');
Insert into BDA.CUSTOMERS (ID,IDENTIFICATION,FIRST_NAME,LAST_NAME,ADDRESS,PHONE) values ('15','9497416','Skyler','Castillo','215-1144 Ultricies Rd.','1-315-307-3926');
Insert into BDA.CUSTOMERS (ID,IDENTIFICATION,FIRST_NAME,LAST_NAME,ADDRESS,PHONE) values ('16','23982530','Wylie','Sweeney','P.O. Box 188, 5246 Nunc Ave','1-290-579-3224');
Insert into BDA.CUSTOMERS (ID,IDENTIFICATION,FIRST_NAME,LAST_NAME,ADDRESS,PHONE) values ('17','23061518','Kyla','Miles','8092 Velit. Av.','1-748-803-0983');
Insert into BDA.CUSTOMERS (ID,IDENTIFICATION,FIRST_NAME,LAST_NAME,ADDRESS,PHONE) values ('18','18781633','Aphrodite','Quinn','281-8746 Euismod Rd.','1-377-515-9401');
Insert into BDA.CUSTOMERS (ID,IDENTIFICATION,FIRST_NAME,LAST_NAME,ADDRESS,PHONE) values ('19','23937492','Branden','Rocha','370-5500 In St.','1-319-372-5421');
Insert into BDA.CUSTOMERS (ID,IDENTIFICATION,FIRST_NAME,LAST_NAME,ADDRESS,PHONE) values ('20','29355583','Alexandra','Ayala','889-2410 Montes, St.','1-291-232-8165');

REM INSERTING into BDA.EXCHANGED_VEHICLES
SET DEFINE OFF;
Insert into BDA.EXCHANGED_VEHICLES (ID,INVOICE_ID,VIN,BRAND,MODEL,YEAR,COST) values ('1','4','D8U 6T0','Daimler','6 axes','2007','14433');
Insert into BDA.EXCHANGED_VEHICLES (ID,INVOICE_ID,VIN,BRAND,MODEL,YEAR,COST) values ('2','8','U1V 1T9','Ford','4 axes','2011','17135');
Insert into BDA.EXCHANGED_VEHICLES (ID,INVOICE_ID,VIN,BRAND,MODEL,YEAR,COST) values ('3','12','F3M 5A2','GMC','4 axes','2010','18590');
Insert into BDA.EXCHANGED_VEHICLES (ID,INVOICE_ID,VIN,BRAND,MODEL,YEAR,COST) values ('4','16','Z2B 0L1','Daihatsu','8 axes','2013','10556');

REM INSERTING into BDA.INVOICES
SET DEFINE OFF;
Insert into BDA.INVOICES (ID,DATE_INVOICE,STATE_INVOICE,CUSTOMER_ID,VEHICLE_ID,VEHICLE_EXCHANGED_ID,SELLER_ID,COST_VEHICLE,COST_EXCHANGED,COST_ITEMS,TAX,FEE,COST_WITHOUT_VAT,NET_COST) values ('21',to_date('15/11/17','DD/MM/RR'),'Pending','5','41',null,'9','56917',null,'50774','6609','360',null,null);
Insert into BDA.INVOICES (ID,DATE_INVOICE,STATE_INVOICE,CUSTOMER_ID,VEHICLE_ID,VEHICLE_EXCHANGED_ID,SELLER_ID,COST_VEHICLE,COST_EXCHANGED,COST_ITEMS,TAX,FEE,COST_WITHOUT_VAT,NET_COST) values ('22',to_date('15/11/17','DD/MM/RR'),'Pending','5','41',null,'9','56917',null,'50774','6609','360',null,null);
Insert into BDA.INVOICES (ID,DATE_INVOICE,STATE_INVOICE,CUSTOMER_ID,VEHICLE_ID,VEHICLE_EXCHANGED_ID,SELLER_ID,COST_VEHICLE,COST_EXCHANGED,COST_ITEMS,TAX,FEE,COST_WITHOUT_VAT,NET_COST) values ('23',to_date('15/11/17','DD/MM/RR'),'Pending','5','41',null,'9','56917',null,'50774','6609','360',null,null);
Insert into BDA.INVOICES (ID,DATE_INVOICE,STATE_INVOICE,CUSTOMER_ID,VEHICLE_ID,VEHICLE_EXCHANGED_ID,SELLER_ID,COST_VEHICLE,COST_EXCHANGED,COST_ITEMS,TAX,FEE,COST_WITHOUT_VAT,NET_COST) values ('24',to_date('15/11/17','DD/MM/RR'),'Pending','5','41',null,'9','56917',null,'50774','6609','360',null,null);
Insert into BDA.INVOICES (ID,DATE_INVOICE,STATE_INVOICE,CUSTOMER_ID,VEHICLE_ID,VEHICLE_EXCHANGED_ID,SELLER_ID,COST_VEHICLE,COST_EXCHANGED,COST_ITEMS,TAX,FEE,COST_WITHOUT_VAT,NET_COST) values ('25',to_date('15/11/17','DD/MM/RR'),'Pending','5','41',null,'9','56917',null,'50774','6609','360',null,null);
Insert into BDA.INVOICES (ID,DATE_INVOICE,STATE_INVOICE,CUSTOMER_ID,VEHICLE_ID,VEHICLE_EXCHANGED_ID,SELLER_ID,COST_VEHICLE,COST_EXCHANGED,COST_ITEMS,TAX,FEE,COST_WITHOUT_VAT,NET_COST) values ('26',to_date('15/11/17','DD/MM/RR'),'Pending','5','41',null,'9','56917',null,'50774','6609','360',null,null);
Insert into BDA.INVOICES (ID,DATE_INVOICE,STATE_INVOICE,CUSTOMER_ID,VEHICLE_ID,VEHICLE_EXCHANGED_ID,SELLER_ID,COST_VEHICLE,COST_EXCHANGED,COST_ITEMS,TAX,FEE,COST_WITHOUT_VAT,NET_COST) values ('27',to_date('15/11/17','DD/MM/RR'),'Pending','5','41',null,'9','56917',null,'50774','6609','360',null,null);
Insert into BDA.INVOICES (ID,DATE_INVOICE,STATE_INVOICE,CUSTOMER_ID,VEHICLE_ID,VEHICLE_EXCHANGED_ID,SELLER_ID,COST_VEHICLE,COST_EXCHANGED,COST_ITEMS,TAX,FEE,COST_WITHOUT_VAT,NET_COST) values ('1',to_date('01/01/17','DD/MM/RR'),'Pending','5','41','8','9','56917','35917','50774','6609','360',null,null);
Insert into BDA.INVOICES (ID,DATE_INVOICE,STATE_INVOICE,CUSTOMER_ID,VEHICLE_ID,VEHICLE_EXCHANGED_ID,SELLER_ID,COST_VEHICLE,COST_EXCHANGED,COST_ITEMS,TAX,FEE,COST_WITHOUT_VAT,NET_COST) values ('2',to_date('02/01/17','DD/MM/RR'),'Pending','19','44',null,'9','51862',null,null,'5792','896',null,null);
Insert into BDA.INVOICES (ID,DATE_INVOICE,STATE_INVOICE,CUSTOMER_ID,VEHICLE_ID,VEHICLE_EXCHANGED_ID,SELLER_ID,COST_VEHICLE,COST_EXCHANGED,COST_ITEMS,TAX,FEE,COST_WITHOUT_VAT,NET_COST) values ('3',to_date('01/02/17','DD/MM/RR'),'Pending','9','48',null,'10','40537',null,'79725','1084','748',null,null);
Insert into BDA.INVOICES (ID,DATE_INVOICE,STATE_INVOICE,CUSTOMER_ID,VEHICLE_ID,VEHICLE_EXCHANGED_ID,SELLER_ID,COST_VEHICLE,COST_EXCHANGED,COST_ITEMS,TAX,FEE,COST_WITHOUT_VAT,NET_COST) values ('4',to_date('02/02/17','DD/MM/RR'),'Pending','2','10',null,'4','49889',null,null,'740','832',null,null);
Insert into BDA.INVOICES (ID,DATE_INVOICE,STATE_INVOICE,CUSTOMER_ID,VEHICLE_ID,VEHICLE_EXCHANGED_ID,SELLER_ID,COST_VEHICLE,COST_EXCHANGED,COST_ITEMS,TAX,FEE,COST_WITHOUT_VAT,NET_COST) values ('5',to_date('01/03/17','DD/MM/RR'),'Pending','7','47',null,'7','66894',null,'70183','3992','360',null,null);
Insert into BDA.INVOICES (ID,DATE_INVOICE,STATE_INVOICE,CUSTOMER_ID,VEHICLE_ID,VEHICLE_EXCHANGED_ID,SELLER_ID,COST_VEHICLE,COST_EXCHANGED,COST_ITEMS,TAX,FEE,COST_WITHOUT_VAT,NET_COST) values ('6',to_date('02/03/17','DD/MM/RR'),'Pending','16','20',null,'3','56214',null,null,'3118','338',null,null);
Insert into BDA.INVOICES (ID,DATE_INVOICE,STATE_INVOICE,CUSTOMER_ID,VEHICLE_ID,VEHICLE_EXCHANGED_ID,SELLER_ID,COST_VEHICLE,COST_EXCHANGED,COST_ITEMS,TAX,FEE,COST_WITHOUT_VAT,NET_COST) values ('7',to_date('01/04/17','DD/MM/RR'),'Pending','8','40',null,'7','43097',null,'88605','5529','738',null,null);
Insert into BDA.INVOICES (ID,DATE_INVOICE,STATE_INVOICE,CUSTOMER_ID,VEHICLE_ID,VEHICLE_EXCHANGED_ID,SELLER_ID,COST_VEHICLE,COST_EXCHANGED,COST_ITEMS,TAX,FEE,COST_WITHOUT_VAT,NET_COST) values ('8',to_date('02/04/17','DD/MM/RR'),'Pending','13','31',null,'8','84387',null,null,'4699','132',null,null);
Insert into BDA.INVOICES (ID,DATE_INVOICE,STATE_INVOICE,CUSTOMER_ID,VEHICLE_ID,VEHICLE_EXCHANGED_ID,SELLER_ID,COST_VEHICLE,COST_EXCHANGED,COST_ITEMS,TAX,FEE,COST_WITHOUT_VAT,NET_COST) values ('9',to_date('01/05/17','DD/MM/RR'),'Pending','11','21',null,'3','87665',null,'73722','7384','209',null,null);
Insert into BDA.INVOICES (ID,DATE_INVOICE,STATE_INVOICE,CUSTOMER_ID,VEHICLE_ID,VEHICLE_EXCHANGED_ID,SELLER_ID,COST_VEHICLE,COST_EXCHANGED,COST_ITEMS,TAX,FEE,COST_WITHOUT_VAT,NET_COST) values ('10',to_date('02/05/17','DD/MM/RR'),'Pending','10','29','19','7','81199','66857',null,'5680','995',null,null);
Insert into BDA.INVOICES (ID,DATE_INVOICE,STATE_INVOICE,CUSTOMER_ID,VEHICLE_ID,VEHICLE_EXCHANGED_ID,SELLER_ID,COST_VEHICLE,COST_EXCHANGED,COST_ITEMS,TAX,FEE,COST_WITHOUT_VAT,NET_COST) values ('11',to_date('01/06/17','DD/MM/RR'),'Pending','14','25',null,'10','83075',null,'64119','8252','876',null,null);
Insert into BDA.INVOICES (ID,DATE_INVOICE,STATE_INVOICE,CUSTOMER_ID,VEHICLE_ID,VEHICLE_EXCHANGED_ID,SELLER_ID,COST_VEHICLE,COST_EXCHANGED,COST_ITEMS,TAX,FEE,COST_WITHOUT_VAT,NET_COST) values ('12',to_date('02/06/17','DD/MM/RR'),'Pending','3','1',null,'7','50609',null,null,'5456','222',null,null);
Insert into BDA.INVOICES (ID,DATE_INVOICE,STATE_INVOICE,CUSTOMER_ID,VEHICLE_ID,VEHICLE_EXCHANGED_ID,SELLER_ID,COST_VEHICLE,COST_EXCHANGED,COST_ITEMS,TAX,FEE,COST_WITHOUT_VAT,NET_COST) values ('13',to_date('01/07/17','DD/MM/RR'),'Pending','12','18',null,'4','53337',null,'87988','4158','787',null,null);
Insert into BDA.INVOICES (ID,DATE_INVOICE,STATE_INVOICE,CUSTOMER_ID,VEHICLE_ID,VEHICLE_EXCHANGED_ID,SELLER_ID,COST_VEHICLE,COST_EXCHANGED,COST_ITEMS,TAX,FEE,COST_WITHOUT_VAT,NET_COST) values ('14',to_date('02/07/17','DD/MM/RR'),'Pending','17','32',null,'1','47632',null,null,'6194','846',null,null);
Insert into BDA.INVOICES (ID,DATE_INVOICE,STATE_INVOICE,CUSTOMER_ID,VEHICLE_ID,VEHICLE_EXCHANGED_ID,SELLER_ID,COST_VEHICLE,COST_EXCHANGED,COST_ITEMS,TAX,FEE,COST_WITHOUT_VAT,NET_COST) values ('15',to_date('01/08/17','DD/MM/RR'),'Pending','5','46','23','5','72153','89329','86564','1096','883',null,null);
Insert into BDA.INVOICES (ID,DATE_INVOICE,STATE_INVOICE,CUSTOMER_ID,VEHICLE_ID,VEHICLE_EXCHANGED_ID,SELLER_ID,COST_VEHICLE,COST_EXCHANGED,COST_ITEMS,TAX,FEE,COST_WITHOUT_VAT,NET_COST) values ('16',to_date('02/08/17','DD/MM/RR'),'Pending','1','3',null,'10','73503',null,null,'1481','539',null,null);
Insert into BDA.INVOICES (ID,DATE_INVOICE,STATE_INVOICE,CUSTOMER_ID,VEHICLE_ID,VEHICLE_EXCHANGED_ID,SELLER_ID,COST_VEHICLE,COST_EXCHANGED,COST_ITEMS,TAX,FEE,COST_WITHOUT_VAT,NET_COST) values ('17',to_date('01/09/17','DD/MM/RR'),'Pending','15','27',null,'5','47744',null,'53352','5869','610',null,null);
Insert into BDA.INVOICES (ID,DATE_INVOICE,STATE_INVOICE,CUSTOMER_ID,VEHICLE_ID,VEHICLE_EXCHANGED_ID,SELLER_ID,COST_VEHICLE,COST_EXCHANGED,COST_ITEMS,TAX,FEE,COST_WITHOUT_VAT,NET_COST) values ('18',to_date('02/09/17','DD/MM/RR'),'Pending','4','50',null,'6','54872',null,null,'6357','279',null,null);
Insert into BDA.INVOICES (ID,DATE_INVOICE,STATE_INVOICE,CUSTOMER_ID,VEHICLE_ID,VEHICLE_EXCHANGED_ID,SELLER_ID,COST_VEHICLE,COST_EXCHANGED,COST_ITEMS,TAX,FEE,COST_WITHOUT_VAT,NET_COST) values ('19',to_date('01/10/17','DD/MM/RR'),'Pending','20','43',null,'10','69772',null,'88684','2595','316',null,null);
Insert into BDA.INVOICES (ID,DATE_INVOICE,STATE_INVOICE,CUSTOMER_ID,VEHICLE_ID,VEHICLE_EXCHANGED_ID,SELLER_ID,COST_VEHICLE,COST_EXCHANGED,COST_ITEMS,TAX,FEE,COST_WITHOUT_VAT,NET_COST) values ('20',to_date('01/11/17','DD/MM/RR'),'Pending','5','15','45','6','61173','66604',null,'9919','452',null,null);

REM INSERTING into BDA.INVOICES_DETAIL
SET DEFINE OFF;
Insert into BDA.INVOICES_DETAIL (ID,INVOICE_ID,ITEM_ID,QUANTITY,COST_ITEMS) values ('21','21','1','1','6677');
Insert into BDA.INVOICES_DETAIL (ID,INVOICE_ID,ITEM_ID,QUANTITY,COST_ITEMS) values ('22','21','3','1','6677');
Insert into BDA.INVOICES_DETAIL (ID,INVOICE_ID,ITEM_ID,QUANTITY,COST_ITEMS) values ('23','21','5','1','6677');
Insert into BDA.INVOICES_DETAIL (ID,INVOICE_ID,ITEM_ID,QUANTITY,COST_ITEMS) values ('24','23','1','1','6677');
Insert into BDA.INVOICES_DETAIL (ID,INVOICE_ID,ITEM_ID,QUANTITY,COST_ITEMS) values ('25','23','1','1','6677');
Insert into BDA.INVOICES_DETAIL (ID,INVOICE_ID,ITEM_ID,QUANTITY,COST_ITEMS) values ('26','23','1','1','6677');
Insert into BDA.INVOICES_DETAIL (ID,INVOICE_ID,ITEM_ID,QUANTITY,COST_ITEMS) values ('27','24','1','1','6677');
Insert into BDA.INVOICES_DETAIL (ID,INVOICE_ID,ITEM_ID,QUANTITY,COST_ITEMS) values ('29','24','3','1','6677');
Insert into BDA.INVOICES_DETAIL (ID,INVOICE_ID,ITEM_ID,QUANTITY,COST_ITEMS) values ('32','24','5','1','6677');
Insert into BDA.INVOICES_DETAIL (ID,INVOICE_ID,ITEM_ID,QUANTITY,COST_ITEMS) values ('33','25','1','1','6677');
Insert into BDA.INVOICES_DETAIL (ID,INVOICE_ID,ITEM_ID,QUANTITY,COST_ITEMS) values ('35','25','3','1','6677');
Insert into BDA.INVOICES_DETAIL (ID,INVOICE_ID,ITEM_ID,QUANTITY,COST_ITEMS) values ('38','25','5','1','6677');
Insert into BDA.INVOICES_DETAIL (ID,INVOICE_ID,ITEM_ID,QUANTITY,COST_ITEMS) values ('39','26','1','1','6677');
Insert into BDA.INVOICES_DETAIL (ID,INVOICE_ID,ITEM_ID,QUANTITY,COST_ITEMS) values ('41','26','3','1','6677');
Insert into BDA.INVOICES_DETAIL (ID,INVOICE_ID,ITEM_ID,QUANTITY,COST_ITEMS) values ('44','26','5','1','6677');
Insert into BDA.INVOICES_DETAIL (ID,INVOICE_ID,ITEM_ID,QUANTITY,COST_ITEMS) values ('45','27','1','1','6677');
Insert into BDA.INVOICES_DETAIL (ID,INVOICE_ID,ITEM_ID,QUANTITY,COST_ITEMS) values ('47','27','3','1','6677');
Insert into BDA.INVOICES_DETAIL (ID,INVOICE_ID,ITEM_ID,QUANTITY,COST_ITEMS) values ('50','27','5','1','6677');
Insert into BDA.INVOICES_DETAIL (ID,INVOICE_ID,ITEM_ID,QUANTITY,COST_ITEMS) values ('1','1','4','1','6677');
Insert into BDA.INVOICES_DETAIL (ID,INVOICE_ID,ITEM_ID,QUANTITY,COST_ITEMS) values ('2','3','5','2','9680');
Insert into BDA.INVOICES_DETAIL (ID,INVOICE_ID,ITEM_ID,QUANTITY,COST_ITEMS) values ('3','5','1','2','7049');
Insert into BDA.INVOICES_DETAIL (ID,INVOICE_ID,ITEM_ID,QUANTITY,COST_ITEMS) values ('4','7','3','1','9937');
Insert into BDA.INVOICES_DETAIL (ID,INVOICE_ID,ITEM_ID,QUANTITY,COST_ITEMS) values ('5','9','1','3','4839');
Insert into BDA.INVOICES_DETAIL (ID,INVOICE_ID,ITEM_ID,QUANTITY,COST_ITEMS) values ('6','11','5','1','1160');
Insert into BDA.INVOICES_DETAIL (ID,INVOICE_ID,ITEM_ID,QUANTITY,COST_ITEMS) values ('7','13','1','1','9969');
Insert into BDA.INVOICES_DETAIL (ID,INVOICE_ID,ITEM_ID,QUANTITY,COST_ITEMS) values ('8','15','4','1','2001');
Insert into BDA.INVOICES_DETAIL (ID,INVOICE_ID,ITEM_ID,QUANTITY,COST_ITEMS) values ('9','17','1','1','3155');
Insert into BDA.INVOICES_DETAIL (ID,INVOICE_ID,ITEM_ID,QUANTITY,COST_ITEMS) values ('10','19','4','2','1153');
Insert into BDA.INVOICES_DETAIL (ID,INVOICE_ID,ITEM_ID,QUANTITY,COST_ITEMS) values ('11','1','1','2','6677');
Insert into BDA.INVOICES_DETAIL (ID,INVOICE_ID,ITEM_ID,QUANTITY,COST_ITEMS) values ('12','3','2','2','9680');
Insert into BDA.INVOICES_DETAIL (ID,INVOICE_ID,ITEM_ID,QUANTITY,COST_ITEMS) values ('13','5','3','2','7049');
Insert into BDA.INVOICES_DETAIL (ID,INVOICE_ID,ITEM_ID,QUANTITY,COST_ITEMS) values ('14','7','4','2','9937');
Insert into BDA.INVOICES_DETAIL (ID,INVOICE_ID,ITEM_ID,QUANTITY,COST_ITEMS) values ('15','9','5','2','4839');
Insert into BDA.INVOICES_DETAIL (ID,INVOICE_ID,ITEM_ID,QUANTITY,COST_ITEMS) values ('16','11','1','1','1160');
Insert into BDA.INVOICES_DETAIL (ID,INVOICE_ID,ITEM_ID,QUANTITY,COST_ITEMS) values ('17','13','2','1','9969');
Insert into BDA.INVOICES_DETAIL (ID,INVOICE_ID,ITEM_ID,QUANTITY,COST_ITEMS) values ('18','15','3','2','2001');
Insert into BDA.INVOICES_DETAIL (ID,INVOICE_ID,ITEM_ID,QUANTITY,COST_ITEMS) values ('19','17','4','2','3155');
Insert into BDA.INVOICES_DETAIL (ID,INVOICE_ID,ITEM_ID,QUANTITY,COST_ITEMS) values ('20','19','5','1','1153');

REM INSERTING into BDA.ITEMS
SET DEFINE OFF;
Insert into BDA.ITEMS (ID,DESCRIPTION,COST_MANUFACTURE,COST_SALE,UNITS_AVAILABLE) values ('1','special lighting','6569','10947','29');
Insert into BDA.ITEMS (ID,DESCRIPTION,COST_MANUFACTURE,COST_SALE,UNITS_AVAILABLE) values ('2','better seats','4922','14069','20');
Insert into BDA.ITEMS (ID,DESCRIPTION,COST_MANUFACTURE,COST_SALE,UNITS_AVAILABLE) values ('3','stove','43160','94814','29');
Insert into BDA.ITEMS (ID,DESCRIPTION,COST_MANUFACTURE,COST_SALE,UNITS_AVAILABLE) values ('4','fridge','16473','59073','20');
Insert into BDA.ITEMS (ID,DESCRIPTION,COST_MANUFACTURE,COST_SALE,UNITS_AVAILABLE) values ('5','microwave','41132','53825','29');

REM INSERTING into BDA.MANUFACTURERS
SET DEFINE OFF;
Insert into BDA.MANUFACTURERS (ID,NAME_MANUFACTURER) values ('1','Peugeot');
Insert into BDA.MANUFACTURERS (ID,NAME_MANUFACTURER) values ('2','Kia Motors');
Insert into BDA.MANUFACTURERS (ID,NAME_MANUFACTURER) values ('3','Nissan');
Insert into BDA.MANUFACTURERS (ID,NAME_MANUFACTURER) values ('4','Mercedes-Benz');
Insert into BDA.MANUFACTURERS (ID,NAME_MANUFACTURER) values ('5','Dodge');
Insert into BDA.MANUFACTURERS (ID,NAME_MANUFACTURER) values ('6','Chevrolet');
Insert into BDA.MANUFACTURERS (ID,NAME_MANUFACTURER) values ('7','Renault');
Insert into BDA.MANUFACTURERS (ID,NAME_MANUFACTURER) values ('8','Ford');
Insert into BDA.MANUFACTURERS (ID,NAME_MANUFACTURER) values ('9','BMW');
Insert into BDA.MANUFACTURERS (ID,NAME_MANUFACTURER) values ('10','Fiat');

REM INSERTING into BDA.SELLERS
SET DEFINE OFF;
Insert into BDA.SELLERS (ID,FIRST_NAME,LAST_NAME) values ('1','Cathleen','Thompson');
Insert into BDA.SELLERS (ID,FIRST_NAME,LAST_NAME) values ('2','Idona','Lucas');
Insert into BDA.SELLERS (ID,FIRST_NAME,LAST_NAME) values ('3','Galena','Mueller');
Insert into BDA.SELLERS (ID,FIRST_NAME,LAST_NAME) values ('4','Maisie','Welch');
Insert into BDA.SELLERS (ID,FIRST_NAME,LAST_NAME) values ('5','Preston','Winters');
Insert into BDA.SELLERS (ID,FIRST_NAME,LAST_NAME) values ('6','Willa','Solis');
Insert into BDA.SELLERS (ID,FIRST_NAME,LAST_NAME) values ('7','Selma','Mcdaniel');
Insert into BDA.SELLERS (ID,FIRST_NAME,LAST_NAME) values ('8','Carol','Rowe');
Insert into BDA.SELLERS (ID,FIRST_NAME,LAST_NAME) values ('9','Brian','Britt');
Insert into BDA.SELLERS (ID,FIRST_NAME,LAST_NAME) values ('10','Carissa','Mayo');

REM INSERTING into BDA.VEHICLES
SET DEFINE OFF;
Insert into BDA.VEHICLES (ID,VIN,NAME,MODEL,YEAR,MANUFACTURER_ID,COST,TYPE) values ('1','E0V 2A5','Tristique Industries','6 axes','2015','10','51859','SOLD');
Insert into BDA.VEHICLES (ID,VIN,NAME,MODEL,YEAR,MANUFACTURER_ID,COST,TYPE) values ('2','A5I 9L9','Erat Semper Rutrum Associates','8 axes','2015','6','53855','NEW');
Insert into BDA.VEHICLES (ID,VIN,NAME,MODEL,YEAR,MANUFACTURER_ID,COST,TYPE) values ('3','D3P 3Z8','Tellus Nunc Incorporated','6 axes','2017','5','32250','SOLD');
Insert into BDA.VEHICLES (ID,VIN,NAME,MODEL,YEAR,MANUFACTURER_ID,COST,TYPE) values ('4','A1T 3Y4','Dui LLC','8 axes','2016','9','49913','NEW');
Insert into BDA.VEHICLES (ID,VIN,NAME,MODEL,YEAR,MANUFACTURER_ID,COST,TYPE) values ('5','E5S 8V3','Mauris LLC','8 axes','2017','8','45270','NEW');
Insert into BDA.VEHICLES (ID,VIN,NAME,MODEL,YEAR,MANUFACTURER_ID,COST,TYPE) values ('6','Y9E 4C0','Duis Inc.','6 axes','2016','3','49815','NEW');
Insert into BDA.VEHICLES (ID,VIN,NAME,MODEL,YEAR,MANUFACTURER_ID,COST,TYPE) values ('7','E0O 1B1','Volutpat Nulla Dignissim Foundation','8 axes','2017','4','70331','NEW');
Insert into BDA.VEHICLES (ID,VIN,NAME,MODEL,YEAR,MANUFACTURER_ID,COST,TYPE) values ('8','O5J 2Z6','Accumsan Laoreet Ipsum Industries','6 axes','2015','10','35917','TRADE');
Insert into BDA.VEHICLES (ID,VIN,NAME,MODEL,YEAR,MANUFACTURER_ID,COST,TYPE) values ('9','T4P 7P4','Mi Felis Associates','8 axes','2014','9','43110','NEW');
Insert into BDA.VEHICLES (ID,VIN,NAME,MODEL,YEAR,MANUFACTURER_ID,COST,TYPE) values ('10','Z7Z 5I4','Fusce Corp.','6 axes','2016','1','50715','SOLD');
Insert into BDA.VEHICLES (ID,VIN,NAME,MODEL,YEAR,MANUFACTURER_ID,COST,TYPE) values ('11','O7R 5V4','Risus Morbi Metus Institute','6 axes','2015','4','66555','NEW');
Insert into BDA.VEHICLES (ID,VIN,NAME,MODEL,YEAR,MANUFACTURER_ID,COST,TYPE) values ('12','S2G 2H6','Pellentesque Company','6 axes','2014','6','56635','NEW');
Insert into BDA.VEHICLES (ID,VIN,NAME,MODEL,YEAR,MANUFACTURER_ID,COST,TYPE) values ('13','B5Y 6L9','Luctus Felis Purus Limited','8 axes','2014','3','66108','NEW');
Insert into BDA.VEHICLES (ID,VIN,NAME,MODEL,YEAR,MANUFACTURER_ID,COST,TYPE) values ('14','Q3V 6V5','Ut Aliquam Iaculis LLP','6 axes','2016','5','78722','NEW');
Insert into BDA.VEHICLES (ID,VIN,NAME,MODEL,YEAR,MANUFACTURER_ID,COST,TYPE) values ('15','E5J 7Q8','Dui Ltd','8 axes','2017','3','63335','SOLD');
Insert into BDA.VEHICLES (ID,VIN,NAME,MODEL,YEAR,MANUFACTURER_ID,COST,TYPE) values ('16','A0C 4O2','Cursus Luctus Limited','6 axes','2014','6','31570','NEW');
Insert into BDA.VEHICLES (ID,VIN,NAME,MODEL,YEAR,MANUFACTURER_ID,COST,TYPE) values ('17','K8W 5T8','Et Libero Proin Company','8 axes','2015','7','53014','NEW');
Insert into BDA.VEHICLES (ID,VIN,NAME,MODEL,YEAR,MANUFACTURER_ID,COST,TYPE) values ('18','M2J 4P5','Est Ltd','8 axes','2016','10','61599','SOLD');
Insert into BDA.VEHICLES (ID,VIN,NAME,MODEL,YEAR,MANUFACTURER_ID,COST,TYPE) values ('19','T4H 7H9','Mus Donec Consulting','6 axes','2016','7','66857','TRADE');
Insert into BDA.VEHICLES (ID,VIN,NAME,MODEL,YEAR,MANUFACTURER_ID,COST,TYPE) values ('20','D7J 9S8','Mauris Foundation','6 axes','2015','9','67009','SOLD');
Insert into BDA.VEHICLES (ID,VIN,NAME,MODEL,YEAR,MANUFACTURER_ID,COST,TYPE) values ('21','L4V 1T6','Varius Et Associates','8 axes','2015','7','90000','SOLD');
Insert into BDA.VEHICLES (ID,VIN,NAME,MODEL,YEAR,MANUFACTURER_ID,COST,TYPE) values ('22','A6M 8E9','Convallis Dolor Quisque Industries','6 axes','2015','5','57391','NEW');
Insert into BDA.VEHICLES (ID,VIN,NAME,MODEL,YEAR,MANUFACTURER_ID,COST,TYPE) values ('23','I9J 7O3','Gravida Aliquam Tincidunt LLC','8 axes','2014','3','89329','TRADE');
Insert into BDA.VEHICLES (ID,VIN,NAME,MODEL,YEAR,MANUFACTURER_ID,COST,TYPE) values ('24','G4T 3B8','Mollis Phasellus Libero Incorporated','6 axes','2015','5','56184','NEW');
Insert into BDA.VEHICLES (ID,VIN,NAME,MODEL,YEAR,MANUFACTURER_ID,COST,TYPE) values ('25','C6J 9L1','Donec Felis Orci LLC','6 axes','2016','1','75769','SOLD');
Insert into BDA.VEHICLES (ID,VIN,NAME,MODEL,YEAR,MANUFACTURER_ID,COST,TYPE) values ('26','Y0H 2L8','Nulla Magna Foundation','6 axes','2016','10','56744','NEW');
Insert into BDA.VEHICLES (ID,VIN,NAME,MODEL,YEAR,MANUFACTURER_ID,COST,TYPE) values ('27','E2K 8I4','Eu Associates','8 axes','2016','9','45300','SOLD');
Insert into BDA.VEHICLES (ID,VIN,NAME,MODEL,YEAR,MANUFACTURER_ID,COST,TYPE) values ('28','F7R 3F8','Quis Pede Ltd','8 axes','2015','3','36890','NEW');
Insert into BDA.VEHICLES (ID,VIN,NAME,MODEL,YEAR,MANUFACTURER_ID,COST,TYPE) values ('29','Z5A 0M7','Rutrum Ltd','6 axes','2016','1','48765','SOLD');
Insert into BDA.VEHICLES (ID,VIN,NAME,MODEL,YEAR,MANUFACTURER_ID,COST,TYPE) values ('30','B0A 4N0','Purus Foundation','6 axes','2016','9','40324','NEW');
Insert into BDA.VEHICLES (ID,VIN,NAME,MODEL,YEAR,MANUFACTURER_ID,COST,TYPE) values ('31','I3W 9T2','Ultricies Adipiscing Enim Inc.','6 axes','2017','1','57628','SOLD');
Insert into BDA.VEHICLES (ID,VIN,NAME,MODEL,YEAR,MANUFACTURER_ID,COST,TYPE) values ('32','H9J 3F7','Leo Morbi Inc.','6 axes','2017','2','58399','SOLD');
Insert into BDA.VEHICLES (ID,VIN,NAME,MODEL,YEAR,MANUFACTURER_ID,COST,TYPE) values ('33','B0H 9T6','In Magna Phasellus Company','8 axes','2017','10','86442','NEW');
Insert into BDA.VEHICLES (ID,VIN,NAME,MODEL,YEAR,MANUFACTURER_ID,COST,TYPE) values ('34','T4W 3V3','Eleifend Foundation','6 axes','2015','2','61645','NEW');
Insert into BDA.VEHICLES (ID,VIN,NAME,MODEL,YEAR,MANUFACTURER_ID,COST,TYPE) values ('35','P1Q 0B5','Mauris Suspendisse Aliquet LLP','6 axes','2017','7','60323','NEW');
Insert into BDA.VEHICLES (ID,VIN,NAME,MODEL,YEAR,MANUFACTURER_ID,COST,TYPE) values ('36','S5X 8H5','Dui Augue Eu Consulting','6 axes','2017','2','75499','NEW');
Insert into BDA.VEHICLES (ID,VIN,NAME,MODEL,YEAR,MANUFACTURER_ID,COST,TYPE) values ('37','Z1A 9S2','Et Ultrices Ltd','6 axes','2016','9','32637','NEW');
Insert into BDA.VEHICLES (ID,VIN,NAME,MODEL,YEAR,MANUFACTURER_ID,COST,TYPE) values ('38','W9K 8O1','Nulla Aliquet Corporation','8 axes','2014','8','88996','NEW');
Insert into BDA.VEHICLES (ID,VIN,NAME,MODEL,YEAR,MANUFACTURER_ID,COST,TYPE) values ('39','X0K 0J8','Etiam Bibendum Fermentum Consulting','8 axes','2014','1','60297','NEW');
Insert into BDA.VEHICLES (ID,VIN,NAME,MODEL,YEAR,MANUFACTURER_ID,COST,TYPE) values ('40','D6R 5C5','Cubilia Curae; Phasellus Institute','6 axes','2015','2','78619','SOLD');
Insert into BDA.VEHICLES (ID,VIN,NAME,MODEL,YEAR,MANUFACTURER_ID,COST,TYPE) values ('41','X7V 3C0','Nonummy Corp.','6 axes','2017','8','85243','SOLD');
Insert into BDA.VEHICLES (ID,VIN,NAME,MODEL,YEAR,MANUFACTURER_ID,COST,TYPE) values ('42','S5J 5H7','Convallis Ante Corporation','8 axes','2017','8','53175','NEW');
Insert into BDA.VEHICLES (ID,VIN,NAME,MODEL,YEAR,MANUFACTURER_ID,COST,TYPE) values ('43','P2S 6A1','Porttitor Scelerisque LLP','8 axes','2016','7','47198','SOLD');
Insert into BDA.VEHICLES (ID,VIN,NAME,MODEL,YEAR,MANUFACTURER_ID,COST,TYPE) values ('44','M3N 6K0','Nunc Interdum Feugiat PC','8 axes','2015','2','30601','SOLD');
Insert into BDA.VEHICLES (ID,VIN,NAME,MODEL,YEAR,MANUFACTURER_ID,COST,TYPE) values ('45','N1Z 1F9','Convallis Corporation','6 axes','2014','7','66604','TRADE');
Insert into BDA.VEHICLES (ID,VIN,NAME,MODEL,YEAR,MANUFACTURER_ID,COST,TYPE) values ('46','F0D 5E6','Vitae Aliquam Limited','6 axes','2017','4','81143','SOLD');
Insert into BDA.VEHICLES (ID,VIN,NAME,MODEL,YEAR,MANUFACTURER_ID,COST,TYPE) values ('47','H0F 6A0','Phasellus Ornare Fusce LLC','8 axes','2014','8','68748','SOLD');
Insert into BDA.VEHICLES (ID,VIN,NAME,MODEL,YEAR,MANUFACTURER_ID,COST,TYPE) values ('48','P7K 2Z6','Egestas Incorporated','8 axes','2016','2','74528','SOLD');
Insert into BDA.VEHICLES (ID,VIN,NAME,MODEL,YEAR,MANUFACTURER_ID,COST,TYPE) values ('49','M6J 7V8','Hendrerit Consulting','8 axes','2014','4','47825','NEW');
Insert into BDA.VEHICLES (ID,VIN,NAME,MODEL,YEAR,MANUFACTURER_ID,COST,TYPE) values ('50','E6X 9W1','Mauris Aliquam Eu PC','6 axes','2015','2','84588','SOLD');

REM INSERTING into BDA.BILL_AND_DETAILS
SET DEFINE OFF;
Insert into BDA.BILL_AND_DETAILS ("Invoice Id","Seller Id","Seller first name","Seller last name","customer id","Customer identification","Customer first name","Customer last name","Vehicle id","Vehicle name","Vehicle manufacturer","Accesory id","Accesori name") values ('5','7','Selma','Mcdaniel','7','41208026','Gary','Parrish','47','Phasellus Ornare Fusce LLC','Ford','1','special lighting');
Insert into BDA.BILL_AND_DETAILS ("Invoice Id","Seller Id","Seller first name","Seller last name","customer id","Customer identification","Customer first name","Customer last name","Vehicle id","Vehicle name","Vehicle manufacturer","Accesory id","Accesori name") values ('5','7','Selma','Mcdaniel','7','41208026','Gary','Parrish','47','Phasellus Ornare Fusce LLC','Ford','3','stove');

REM INSERTING into BDA.HISTORICAL_DATA_FOR_VEHICLES
SET DEFINE OFF;
Insert into BDA.HISTORICAL_DATA_FOR_VEHICLES (VEHICLE,TYPE,DATE_INVOICE,INVOICE) values ('1','SOLD',to_date('02/06/17','DD/MM/RR'),'12');
Insert into BDA.HISTORICAL_DATA_FOR_VEHICLES (VEHICLE,TYPE,DATE_INVOICE,INVOICE) values ('2','NEW',null,null);
Insert into BDA.HISTORICAL_DATA_FOR_VEHICLES (VEHICLE,TYPE,DATE_INVOICE,INVOICE) values ('3','SOLD',to_date('02/08/17','DD/MM/RR'),'16');
Insert into BDA.HISTORICAL_DATA_FOR_VEHICLES (VEHICLE,TYPE,DATE_INVOICE,INVOICE) values ('4','NEW',null,null);
Insert into BDA.HISTORICAL_DATA_FOR_VEHICLES (VEHICLE,TYPE,DATE_INVOICE,INVOICE) values ('5','NEW',null,null);
Insert into BDA.HISTORICAL_DATA_FOR_VEHICLES (VEHICLE,TYPE,DATE_INVOICE,INVOICE) values ('6','NEW',null,null);
Insert into BDA.HISTORICAL_DATA_FOR_VEHICLES (VEHICLE,TYPE,DATE_INVOICE,INVOICE) values ('7','NEW',null,null);
Insert into BDA.HISTORICAL_DATA_FOR_VEHICLES (VEHICLE,TYPE,DATE_INVOICE,INVOICE) values ('8','TRADE',to_date('01/01/17','DD/MM/RR'),'1');
Insert into BDA.HISTORICAL_DATA_FOR_VEHICLES (VEHICLE,TYPE,DATE_INVOICE,INVOICE) values ('9','NEW',null,null);
Insert into BDA.HISTORICAL_DATA_FOR_VEHICLES (VEHICLE,TYPE,DATE_INVOICE,INVOICE) values ('10','SOLD',to_date('02/02/17','DD/MM/RR'),'4');
Insert into BDA.HISTORICAL_DATA_FOR_VEHICLES (VEHICLE,TYPE,DATE_INVOICE,INVOICE) values ('11','NEW',null,null);
Insert into BDA.HISTORICAL_DATA_FOR_VEHICLES (VEHICLE,TYPE,DATE_INVOICE,INVOICE) values ('12','NEW',null,null);
Insert into BDA.HISTORICAL_DATA_FOR_VEHICLES (VEHICLE,TYPE,DATE_INVOICE,INVOICE) values ('13','NEW',null,null);
Insert into BDA.HISTORICAL_DATA_FOR_VEHICLES (VEHICLE,TYPE,DATE_INVOICE,INVOICE) values ('14','NEW',null,null);
Insert into BDA.HISTORICAL_DATA_FOR_VEHICLES (VEHICLE,TYPE,DATE_INVOICE,INVOICE) values ('15','SOLD',to_date('01/11/17','DD/MM/RR'),'20');
Insert into BDA.HISTORICAL_DATA_FOR_VEHICLES (VEHICLE,TYPE,DATE_INVOICE,INVOICE) values ('16','NEW',null,null);
Insert into BDA.HISTORICAL_DATA_FOR_VEHICLES (VEHICLE,TYPE,DATE_INVOICE,INVOICE) values ('17','NEW',null,null);
Insert into BDA.HISTORICAL_DATA_FOR_VEHICLES (VEHICLE,TYPE,DATE_INVOICE,INVOICE) values ('18','SOLD',to_date('01/07/17','DD/MM/RR'),'13');
Insert into BDA.HISTORICAL_DATA_FOR_VEHICLES (VEHICLE,TYPE,DATE_INVOICE,INVOICE) values ('19','TRADE',to_date('02/05/17','DD/MM/RR'),'10');
Insert into BDA.HISTORICAL_DATA_FOR_VEHICLES (VEHICLE,TYPE,DATE_INVOICE,INVOICE) values ('20','SOLD',to_date('02/03/17','DD/MM/RR'),'6');
Insert into BDA.HISTORICAL_DATA_FOR_VEHICLES (VEHICLE,TYPE,DATE_INVOICE,INVOICE) values ('21','SOLD',to_date('01/05/17','DD/MM/RR'),'9');
Insert into BDA.HISTORICAL_DATA_FOR_VEHICLES (VEHICLE,TYPE,DATE_INVOICE,INVOICE) values ('22','NEW',null,null);
Insert into BDA.HISTORICAL_DATA_FOR_VEHICLES (VEHICLE,TYPE,DATE_INVOICE,INVOICE) values ('23','TRADE',to_date('01/08/17','DD/MM/RR'),'15');
Insert into BDA.HISTORICAL_DATA_FOR_VEHICLES (VEHICLE,TYPE,DATE_INVOICE,INVOICE) values ('24','NEW',null,null);
Insert into BDA.HISTORICAL_DATA_FOR_VEHICLES (VEHICLE,TYPE,DATE_INVOICE,INVOICE) values ('25','SOLD',to_date('01/06/17','DD/MM/RR'),'11');
Insert into BDA.HISTORICAL_DATA_FOR_VEHICLES (VEHICLE,TYPE,DATE_INVOICE,INVOICE) values ('26','NEW',null,null);
Insert into BDA.HISTORICAL_DATA_FOR_VEHICLES (VEHICLE,TYPE,DATE_INVOICE,INVOICE) values ('27','SOLD',to_date('01/09/17','DD/MM/RR'),'17');
Insert into BDA.HISTORICAL_DATA_FOR_VEHICLES (VEHICLE,TYPE,DATE_INVOICE,INVOICE) values ('28','NEW',null,null);
Insert into BDA.HISTORICAL_DATA_FOR_VEHICLES (VEHICLE,TYPE,DATE_INVOICE,INVOICE) values ('29','SOLD',to_date('02/05/17','DD/MM/RR'),'10');
Insert into BDA.HISTORICAL_DATA_FOR_VEHICLES (VEHICLE,TYPE,DATE_INVOICE,INVOICE) values ('30','NEW',null,null);
Insert into BDA.HISTORICAL_DATA_FOR_VEHICLES (VEHICLE,TYPE,DATE_INVOICE,INVOICE) values ('31','SOLD',to_date('02/04/17','DD/MM/RR'),'8');
Insert into BDA.HISTORICAL_DATA_FOR_VEHICLES (VEHICLE,TYPE,DATE_INVOICE,INVOICE) values ('32','SOLD',to_date('02/07/17','DD/MM/RR'),'14');
Insert into BDA.HISTORICAL_DATA_FOR_VEHICLES (VEHICLE,TYPE,DATE_INVOICE,INVOICE) values ('33','NEW',null,null);
Insert into BDA.HISTORICAL_DATA_FOR_VEHICLES (VEHICLE,TYPE,DATE_INVOICE,INVOICE) values ('34','NEW',null,null);
Insert into BDA.HISTORICAL_DATA_FOR_VEHICLES (VEHICLE,TYPE,DATE_INVOICE,INVOICE) values ('35','NEW',null,null);
Insert into BDA.HISTORICAL_DATA_FOR_VEHICLES (VEHICLE,TYPE,DATE_INVOICE,INVOICE) values ('36','NEW',null,null);
Insert into BDA.HISTORICAL_DATA_FOR_VEHICLES (VEHICLE,TYPE,DATE_INVOICE,INVOICE) values ('37','NEW',null,null);
Insert into BDA.HISTORICAL_DATA_FOR_VEHICLES (VEHICLE,TYPE,DATE_INVOICE,INVOICE) values ('38','NEW',null,null);
Insert into BDA.HISTORICAL_DATA_FOR_VEHICLES (VEHICLE,TYPE,DATE_INVOICE,INVOICE) values ('39','NEW',null,null);
Insert into BDA.HISTORICAL_DATA_FOR_VEHICLES (VEHICLE,TYPE,DATE_INVOICE,INVOICE) values ('40','SOLD',to_date('01/04/17','DD/MM/RR'),'7');
Insert into BDA.HISTORICAL_DATA_FOR_VEHICLES (VEHICLE,TYPE,DATE_INVOICE,INVOICE) values ('41','SOLD',to_date('01/01/17','DD/MM/RR'),'1');
Insert into BDA.HISTORICAL_DATA_FOR_VEHICLES (VEHICLE,TYPE,DATE_INVOICE,INVOICE) values ('41','SOLD',to_date('15/11/17','DD/MM/RR'),'21');
Insert into BDA.HISTORICAL_DATA_FOR_VEHICLES (VEHICLE,TYPE,DATE_INVOICE,INVOICE) values ('41','SOLD',to_date('15/11/17','DD/MM/RR'),'22');
Insert into BDA.HISTORICAL_DATA_FOR_VEHICLES (VEHICLE,TYPE,DATE_INVOICE,INVOICE) values ('41','SOLD',to_date('15/11/17','DD/MM/RR'),'23');
Insert into BDA.HISTORICAL_DATA_FOR_VEHICLES (VEHICLE,TYPE,DATE_INVOICE,INVOICE) values ('41','SOLD',to_date('15/11/17','DD/MM/RR'),'24');
Insert into BDA.HISTORICAL_DATA_FOR_VEHICLES (VEHICLE,TYPE,DATE_INVOICE,INVOICE) values ('41','SOLD',to_date('15/11/17','DD/MM/RR'),'25');
Insert into BDA.HISTORICAL_DATA_FOR_VEHICLES (VEHICLE,TYPE,DATE_INVOICE,INVOICE) values ('41','SOLD',to_date('15/11/17','DD/MM/RR'),'26');
Insert into BDA.HISTORICAL_DATA_FOR_VEHICLES (VEHICLE,TYPE,DATE_INVOICE,INVOICE) values ('41','SOLD',to_date('15/11/17','DD/MM/RR'),'27');
Insert into BDA.HISTORICAL_DATA_FOR_VEHICLES (VEHICLE,TYPE,DATE_INVOICE,INVOICE) values ('42','NEW',null,null);
Insert into BDA.HISTORICAL_DATA_FOR_VEHICLES (VEHICLE,TYPE,DATE_INVOICE,INVOICE) values ('43','SOLD',to_date('01/10/17','DD/MM/RR'),'19');
Insert into BDA.HISTORICAL_DATA_FOR_VEHICLES (VEHICLE,TYPE,DATE_INVOICE,INVOICE) values ('44','SOLD',to_date('02/01/17','DD/MM/RR'),'2');
Insert into BDA.HISTORICAL_DATA_FOR_VEHICLES (VEHICLE,TYPE,DATE_INVOICE,INVOICE) values ('45','TRADE',to_date('01/11/17','DD/MM/RR'),'20');
Insert into BDA.HISTORICAL_DATA_FOR_VEHICLES (VEHICLE,TYPE,DATE_INVOICE,INVOICE) values ('46','SOLD',to_date('01/08/17','DD/MM/RR'),'15');
Insert into BDA.HISTORICAL_DATA_FOR_VEHICLES (VEHICLE,TYPE,DATE_INVOICE,INVOICE) values ('47','SOLD',to_date('01/03/17','DD/MM/RR'),'5');
Insert into BDA.HISTORICAL_DATA_FOR_VEHICLES (VEHICLE,TYPE,DATE_INVOICE,INVOICE) values ('48','SOLD',to_date('01/02/17','DD/MM/RR'),'3');
Insert into BDA.HISTORICAL_DATA_FOR_VEHICLES (VEHICLE,TYPE,DATE_INVOICE,INVOICE) values ('49','NEW',null,null);
Insert into BDA.HISTORICAL_DATA_FOR_VEHICLES (VEHICLE,TYPE,DATE_INVOICE,INVOICE) values ('50','SOLD',to_date('02/09/17','DD/MM/RR'),'18');

REM INSERTING into BDA.UNDER_FIVE_UNITS_AVAILABLES
SET DEFINE OFF;
--------------------------------------------------------
--  DDL for Index PK_CUSTOMER
--------------------------------------------------------

  CREATE UNIQUE INDEX "BDA"."PK_CUSTOMER" ON "BDA"."CUSTOMERS" ("ID") 
  ;
--------------------------------------------------------
--  DDL for Index PK_EXCHANGED
--------------------------------------------------------

  CREATE UNIQUE INDEX "BDA"."PK_EXCHANGED" ON "BDA"."EXCHANGED_VEHICLES" ("ID") 
  ;
--------------------------------------------------------
--  DDL for Index PK_INVOICE
--------------------------------------------------------

  CREATE UNIQUE INDEX "BDA"."PK_INVOICE" ON "BDA"."INVOICES" ("ID") 
  ;
--------------------------------------------------------
--  DDL for Index PK_INVOICE_DETAIL
--------------------------------------------------------

  CREATE UNIQUE INDEX "BDA"."PK_INVOICE_DETAIL" ON "BDA"."INVOICES_DETAIL" ("ID") 
  ;
--------------------------------------------------------
--  DDL for Index PK_ITEM
--------------------------------------------------------

  CREATE UNIQUE INDEX "BDA"."PK_ITEM" ON "BDA"."ITEMS" ("ID") 
  ;
--------------------------------------------------------
--  DDL for Index PK_MANUFACTURE
--------------------------------------------------------

  CREATE UNIQUE INDEX "BDA"."PK_MANUFACTURE" ON "BDA"."MANUFACTURERS" ("ID") 
  ;
--------------------------------------------------------
--  DDL for Index PK_SELLER
--------------------------------------------------------

  CREATE UNIQUE INDEX "BDA"."PK_SELLER" ON "BDA"."SELLERS" ("ID") 
  ;
--------------------------------------------------------
--  DDL for Index PK_VEHICLE
--------------------------------------------------------

  CREATE UNIQUE INDEX "BDA"."PK_VEHICLE" ON "BDA"."VEHICLES" ("ID") 
  ;
--------------------------------------------------------
--  DDL for Trigger DECREASE_UNITS_FROM_ITEMS_AFTER_CREATE_INVOICE_DETAIL
--------------------------------------------------------

  CREATE OR REPLACE NONEDITIONABLE TRIGGER "BDA"."DECREASE_UNITS_FROM_ITEMS_AFTER_CREATE_INVOICE_DETAIL" 
  AFTER INSERT 
  ON INVOICES_DETAIL
DECLARE
BEGIN
  
  UPDATE ITEMS 
  SET UNITS_AVAILABLE = (UNITS_AVAILABLE - (SELECT QUANTITY 
              FROM invoices_detail 
              WHERE ID = (SELECT MAX(ID) FROM invoices_detail)))
  WHERE ID = (SELECT  ITEM_ID
              FROM invoices_detail 
              WHERE ID = (SELECT MAX(ID) FROM invoices_detail));
END;

--Test for exec de trigger.
DECLARE
  invoices_id number;
  invoices_detail_id number;
BEGIN
  ------------------------
  --Insert a new invoices.
  ------------------------
  
  --Get the last ID + 1 from invoices.
  select (max(ID) + 1) into invoices_id from invoices;
  
  --Insert the new invoice with the new ID.
  INSERT INTO invoices (id, DATE_INVOICE, STATE_INVOICE, customer_id, vehicle_id, 
    seller_id, cost_vehicle, cost_exchanged, cost_items, tax, fee, 
    cost_without_vat, net_cost) 
  VALUES (invoices_id, '15112017', 'Pending', 5, 41, 9, 
    56917, NULL, 50774, 6609, 360, NULL, NULL);

  -------------------------------
  --Insert a new invoices detail.
  -------------------------------
  
  --Get the last ID from invoices.
  select (max(ID)) into invoices_id from invoices;
  
  --Get the last ID + 1 from invoices detail.
  select (max(ID) + 1) into invoices_detail_id from invoices_detail;
  
  --Insert the invoices detail.
  INSERT INTO invoices_detail (id, invoice_id, item_id, QUANTITY, cost_items) 
  VALUES (invoices_detail_id, invoices_id, 1, 1, '6677');
  
  --Get the last ID + 2 from invoices detail.
  select (max(ID) + 2) into invoices_detail_id from invoices_detail;
  --Insert the invoices detail.
  INSERT INTO invoices_detail (id, invoice_id, item_id, QUANTITY, cost_items) 
  VALUES (invoices_detail_id, invoices_id, 3, 1, '6677');
  
  --Get the last ID + 3 from invoices detail.
  select (max(ID) + 3) into invoices_detail_id from invoices_detail;
  --Insert the invoices detail.
  INSERT INTO invoices_detail (id, invoice_id, item_id, QUANTITY, cost_items) 
  VALUES (invoices_detail_id, invoices_id, 5, 1, '6677');
  
END;

--5. Create a procedure called "reorder_units", inside the procedure you should call the view created in the
--step #3, for each element returned, the value of "units_available" should be increased in 20 units by
--default. (0.5)
CREATE OR REPLACE PROCEDURE reorder_units 
IS
  CURSOR XXX IS
    SELECT * FROM UNDER_FIVE_UNITS_AVAILABLES;
    
  ITEMS_ID NUMBER := -1;
  ITEM_DESCRIPTION VARCHAR(255);
  
BEGIN
  OPEN XXX;
  
    FETCH XXX INTO ITEMS_ID, ITEM_DESCRIPTION;
    
    IF (ITEMS_ID = -1) THEN
      DBMS_OUTPUT.PUT_LINE('NO SE OBTIENEN FILAS PARA LEER. VERIFIQUE QUE LAS'||
        ' UNIDADES DISPONIBLES EN LA TABLA "ITMES" SEA MENOR QUE 5.');
    END IF;
    
    WHILE XXX %FOUND LOOP
      
      UPDATE ITEMS
      SET UNITS_AVAILABLE = (UNITS_AVAILABLE + 20)
      WHERE ID = ITEMS_ID;
      
      FETCH XXX INTO ITEMS_ID, ITEM_DESCRIPTION;
      
    END LOOP;
    
  CLOSE XXX;
END;

EXEC reorder_units();

--6. Create a view with the following columns (bill_id, sales_person_id, name_of_salesperson, client_id,
--name_of_client, vehicle_id, brand_of_vehicle, manufacturer_of_vehicle, accesory_id,
--name_of_accesory). The idea is you can add outside the view 'where bill_id = xx' and displays the
--information associated to a bill including its details (accessories). (0.5)

CREATE OR REPLACE VIEW bill_and_details AS
  SELECT DISTINCT 
        INVOICES.ID as "Invoice Id",  
  
         SELLERS.ID as "Seller Id", 
         SELLERS.FIRST_NAME as "Seller first name", 
         SELLERS.LAST_NAME as "Seller last name",
         
         CUSTOMERS.ID as "customer id", 
         CUSTOMERS.IDENTIFICATION as "Customer identification", 
         CUSTOMERS.FIRST_NAME as "Customer first name", 
         CUSTOMERS.LAST_NAME as "Customer last name",
         
         VEHICLES.ID as "Vehicle id",
         VEHICLES.NAME as "Vehicle name",
         
         MANUFACTURERS.NAME_MANUFACTURER as "Vehicle manufacturer",
         
         ITEMS.ID as "Accesory id", 
         ITEMS.DESCRIPTION as "Accesori name" 
         
  FROM INVOICES 
  INNER JOIN SELLERS ON INVOICES.SELLER_ID = SELLERS.ID 
  INNER JOIN CUSTOMERS ON INVOICES.CUSTOMER_ID = CUSTOMERS.ID 
  INNER JOIN VEHICLES ON INVOICES.VEHICLE_ID = VEHICLES.ID 
  --INNER JOIN EXCHANGED_VEHICLES ON EXCHANGED_VEHICLES.INVOICE_ID = INVOICES.ID 
  INNER JOIN MANUFACTURERS ON VEHICLES.MANUFACTURER_ID = MANUFACTURERS.ID 
  INNER JOIN INVOICES_DETAIL ON INVOICES_DETAIL.INVOICE_ID = INVOICES.ID 
  INNER JOIN ITEMS ON ITEM_ID = ITEMS.ID 
  WHERE INVOICES.ID = 5 
  ORDER BY INVOICES.ID;
  
  select * from bill_and_details;

--7. Create the explain plan for the last step (add a screenshot or copy and 
--paste the information returned)(0.5).
/
ALTER TRIGGER "BDA"."DECREASE_UNITS_FROM_ITEMS_AFTER_CREATE_INVOICE_DETAIL" ENABLE;
--------------------------------------------------------
--  DDL for Procedure REORDER_UNITS
--------------------------------------------------------
set define off;

  CREATE OR REPLACE NONEDITIONABLE PROCEDURE "BDA"."REORDER_UNITS" 
IS
  CURSOR XXX IS
    SELECT * FROM UNDER_FIVE_UNITS_AVAILABLES;
    
  ITEMS_ID NUMBER := -1;
  ITEM_DESCRIPTION VARCHAR(255);
  
BEGIN
  OPEN XXX;
  
    FETCH XXX INTO ITEMS_ID, ITEM_DESCRIPTION;
    
    IF (ITEMS_ID = -1) THEN
      DBMS_OUTPUT.PUT_LINE('NO SE OBTIENEN FILAS PARA LEER. VERIFIQUE QUE LAS'||
        ' UNIDADES DISPONIBLES EN LA TABLA "ITMES" SEA MENOR QUE 5.');
    END IF;
    
    WHILE XXX %FOUND LOOP
      
      UPDATE ITEMS
      SET UNITS_AVAILABLE = (UNITS_AVAILABLE + 20)
      WHERE ID = ITEMS_ID;
      
      FETCH XXX INTO ITEMS_ID, ITEM_DESCRIPTION;
      
    END LOOP;
    
  CLOSE XXX;
END;

/
--------------------------------------------------------
--  Constraints for Table CUSTOMERS
--------------------------------------------------------

  ALTER TABLE "BDA"."CUSTOMERS" ADD CONSTRAINT "PK_CUSTOMER" PRIMARY KEY ("ID")
  USING INDEX  ENABLE;
  ALTER TABLE "BDA"."CUSTOMERS" MODIFY ("ADDRESS" NOT NULL ENABLE);
  ALTER TABLE "BDA"."CUSTOMERS" MODIFY ("LAST_NAME" NOT NULL ENABLE);
  ALTER TABLE "BDA"."CUSTOMERS" MODIFY ("FIRST_NAME" NOT NULL ENABLE);
  ALTER TABLE "BDA"."CUSTOMERS" MODIFY ("IDENTIFICATION" NOT NULL ENABLE);
  ALTER TABLE "BDA"."CUSTOMERS" MODIFY ("ID" NOT NULL ENABLE);
--------------------------------------------------------
--  Constraints for Table EXCHANGED_VEHICLES
--------------------------------------------------------

  ALTER TABLE "BDA"."EXCHANGED_VEHICLES" MODIFY ("ID" NOT NULL ENABLE);
  ALTER TABLE "BDA"."EXCHANGED_VEHICLES" MODIFY ("INVOICE_ID" NOT NULL ENABLE);
  ALTER TABLE "BDA"."EXCHANGED_VEHICLES" MODIFY ("VIN" NOT NULL ENABLE);
  ALTER TABLE "BDA"."EXCHANGED_VEHICLES" MODIFY ("BRAND" NOT NULL ENABLE);
  ALTER TABLE "BDA"."EXCHANGED_VEHICLES" MODIFY ("MODEL" NOT NULL ENABLE);
  ALTER TABLE "BDA"."EXCHANGED_VEHICLES" MODIFY ("YEAR" NOT NULL ENABLE);
  ALTER TABLE "BDA"."EXCHANGED_VEHICLES" MODIFY ("COST" NOT NULL ENABLE);
  ALTER TABLE "BDA"."EXCHANGED_VEHICLES" ADD CONSTRAINT "PK_EXCHANGED" PRIMARY KEY ("ID")
  USING INDEX  ENABLE;
--------------------------------------------------------
--  Constraints for Table INVOICES
--------------------------------------------------------

  ALTER TABLE "BDA"."INVOICES" ADD CONSTRAINT "PK_INVOICE" PRIMARY KEY ("ID")
  USING INDEX  ENABLE;
  ALTER TABLE "BDA"."INVOICES" MODIFY ("SELLER_ID" NOT NULL ENABLE);
  ALTER TABLE "BDA"."INVOICES" MODIFY ("VEHICLE_ID" NOT NULL ENABLE);
  ALTER TABLE "BDA"."INVOICES" MODIFY ("CUSTOMER_ID" NOT NULL ENABLE);
  ALTER TABLE "BDA"."INVOICES" MODIFY ("STATE_INVOICE" NOT NULL ENABLE);
  ALTER TABLE "BDA"."INVOICES" MODIFY ("DATE_INVOICE" NOT NULL ENABLE);
  ALTER TABLE "BDA"."INVOICES" MODIFY ("ID" NOT NULL ENABLE);
--------------------------------------------------------
--  Constraints for Table INVOICES_DETAIL
--------------------------------------------------------

  ALTER TABLE "BDA"."INVOICES_DETAIL" ADD CONSTRAINT "PK_INVOICE_DETAIL" PRIMARY KEY ("ID")
  USING INDEX  ENABLE;
  ALTER TABLE "BDA"."INVOICES_DETAIL" MODIFY ("QUANTITY" NOT NULL ENABLE);
  ALTER TABLE "BDA"."INVOICES_DETAIL" MODIFY ("ITEM_ID" NOT NULL ENABLE);
  ALTER TABLE "BDA"."INVOICES_DETAIL" MODIFY ("INVOICE_ID" NOT NULL ENABLE);
  ALTER TABLE "BDA"."INVOICES_DETAIL" MODIFY ("ID" NOT NULL ENABLE);
--------------------------------------------------------
--  Constraints for Table ITEMS
--------------------------------------------------------

  ALTER TABLE "BDA"."ITEMS" MODIFY ("UNITS_AVAILABLE" NOT NULL ENABLE);
  ALTER TABLE "BDA"."ITEMS" ADD CONSTRAINT "PK_ITEM" PRIMARY KEY ("ID")
  USING INDEX  ENABLE;
  ALTER TABLE "BDA"."ITEMS" MODIFY ("COST_SALE" NOT NULL ENABLE);
  ALTER TABLE "BDA"."ITEMS" MODIFY ("COST_MANUFACTURE" NOT NULL ENABLE);
  ALTER TABLE "BDA"."ITEMS" MODIFY ("DESCRIPTION" NOT NULL ENABLE);
  ALTER TABLE "BDA"."ITEMS" MODIFY ("ID" NOT NULL ENABLE);
--------------------------------------------------------
--  Constraints for Table MANUFACTURERS
--------------------------------------------------------

  ALTER TABLE "BDA"."MANUFACTURERS" ADD CONSTRAINT "PK_MANUFACTURE" PRIMARY KEY ("ID")
  USING INDEX  ENABLE;
  ALTER TABLE "BDA"."MANUFACTURERS" MODIFY ("NAME_MANUFACTURER" NOT NULL ENABLE);
  ALTER TABLE "BDA"."MANUFACTURERS" MODIFY ("ID" NOT NULL ENABLE);
--------------------------------------------------------
--  Constraints for Table SELLERS
--------------------------------------------------------

  ALTER TABLE "BDA"."SELLERS" ADD CONSTRAINT "PK_SELLER" PRIMARY KEY ("ID")
  USING INDEX  ENABLE;
  ALTER TABLE "BDA"."SELLERS" MODIFY ("LAST_NAME" NOT NULL ENABLE);
  ALTER TABLE "BDA"."SELLERS" MODIFY ("FIRST_NAME" NOT NULL ENABLE);
  ALTER TABLE "BDA"."SELLERS" MODIFY ("ID" NOT NULL ENABLE);
--------------------------------------------------------
--  Constraints for Table VEHICLES
--------------------------------------------------------

  ALTER TABLE "BDA"."VEHICLES" ADD CONSTRAINT "CK_TYPE" CHECK (TYPE IN ('NEW','TRADE','SOLD')) ENABLE;
  ALTER TABLE "BDA"."VEHICLES" ADD CONSTRAINT "PK_VEHICLE" PRIMARY KEY ("ID")
  USING INDEX  ENABLE;
  ALTER TABLE "BDA"."VEHICLES" MODIFY ("TYPE" NOT NULL ENABLE);
  ALTER TABLE "BDA"."VEHICLES" MODIFY ("COST" NOT NULL ENABLE);
  ALTER TABLE "BDA"."VEHICLES" MODIFY ("MANUFACTURER_ID" NOT NULL ENABLE);
  ALTER TABLE "BDA"."VEHICLES" MODIFY ("YEAR" NOT NULL ENABLE);
  ALTER TABLE "BDA"."VEHICLES" MODIFY ("MODEL" NOT NULL ENABLE);
  ALTER TABLE "BDA"."VEHICLES" MODIFY ("NAME" NOT NULL ENABLE);
  ALTER TABLE "BDA"."VEHICLES" MODIFY ("VIN" NOT NULL ENABLE);
  ALTER TABLE "BDA"."VEHICLES" MODIFY ("ID" NOT NULL ENABLE);
--------------------------------------------------------
--  Ref Constraints for Table EXCHANGED_VEHICLES
--------------------------------------------------------

  ALTER TABLE "BDA"."EXCHANGED_VEHICLES" ADD CONSTRAINT "FK_INVOICE_EXCHANGED" FOREIGN KEY ("INVOICE_ID")
	  REFERENCES "BDA"."INVOICES" ("ID") ENABLE;
--------------------------------------------------------
--  Ref Constraints for Table INVOICES
--------------------------------------------------------

  ALTER TABLE "BDA"."INVOICES" ADD CONSTRAINT "FK_CUSTOMER_INVOICE" FOREIGN KEY ("CUSTOMER_ID")
	  REFERENCES "BDA"."CUSTOMERS" ("ID") ENABLE;
  ALTER TABLE "BDA"."INVOICES" ADD CONSTRAINT "FK_SELLER_INVOICE" FOREIGN KEY ("SELLER_ID")
	  REFERENCES "BDA"."SELLERS" ("ID") ENABLE;
  ALTER TABLE "BDA"."INVOICES" ADD CONSTRAINT "FK_VEHICLE_INVOICE" FOREIGN KEY ("VEHICLE_ID")
	  REFERENCES "BDA"."VEHICLES" ("ID") ENABLE;
  ALTER TABLE "BDA"."INVOICES" ADD CONSTRAINT "FK_VEHICLE_INVOICE_EXCHANGED" FOREIGN KEY ("VEHICLE_EXCHANGED_ID")
	  REFERENCES "BDA"."VEHICLES" ("ID") ENABLE;
--------------------------------------------------------
--  Ref Constraints for Table INVOICES_DETAIL
--------------------------------------------------------

  ALTER TABLE "BDA"."INVOICES_DETAIL" ADD CONSTRAINT "FK_INVOICE_INVOICE_DETAIL" FOREIGN KEY ("INVOICE_ID")
	  REFERENCES "BDA"."INVOICES" ("ID") ENABLE;
  ALTER TABLE "BDA"."INVOICES_DETAIL" ADD CONSTRAINT "FK_ITEM_INVOICE_DETAIL" FOREIGN KEY ("ITEM_ID")
	  REFERENCES "BDA"."ITEMS" ("ID") ENABLE;
--------------------------------------------------------
--  Ref Constraints for Table VEHICLES
--------------------------------------------------------

  ALTER TABLE "BDA"."VEHICLES" ADD CONSTRAINT "FK_MANUFACTURER_VEHICLE" FOREIGN KEY ("MANUFACTURER_ID")
	  REFERENCES "BDA"."MANUFACTURERS" ("ID") ENABLE;
